-- phpMyAdmin SQL Dump
-- version 4.9.2
-- https://www.phpmyadmin.net/
--
-- Хост: 127.0.0.1:3308
-- Время создания: Фев 18 2020 г., 07:19
-- Версия сервера: 8.0.18
-- Версия PHP: 7.3.12

SET SQL_MODE = "NO_AUTO_VALUE_ON_ZERO";
SET AUTOCOMMIT = 0;
START TRANSACTION;
SET time_zone = "+00:00";


/*!40101 SET @OLD_CHARACTER_SET_CLIENT=@@CHARACTER_SET_CLIENT */;
/*!40101 SET @OLD_CHARACTER_SET_RESULTS=@@CHARACTER_SET_RESULTS */;
/*!40101 SET @OLD_COLLATION_CONNECTION=@@COLLATION_CONNECTION */;
/*!40101 SET NAMES utf8mb4 */;

--
-- База данных: `car_auto_staf`
--

-- --------------------------------------------------------

--
-- Структура таблицы `information_about_mark`
--

DROP TABLE IF EXISTS `information_about_mark`;
CREATE TABLE IF NOT EXISTS `information_about_mark` (
  `Information` text NOT NULL,
  `Name_of_mark` char(60) NOT NULL,
  PRIMARY KEY (`Name_of_mark`)
) ENGINE=MyISAM DEFAULT CHARSET=utf8;

--
-- Дамп данных таблицы `information_about_mark`
--

INSERT INTO `information_about_mark` (`Information`, `Name_of_mark`) VALUES
('Toyota Motor Corporation (яп. トヨタ自動車株式会社 тоёта дзидо:ся кабусики-гайся, TYO: 7203.T) (кратко: Toyota — «Тоёта», по-русски чаще пишется «Тойота») — крупнейшая японская автомобилестроительная корпорация, также предоставляющая финансовые услуги и имеющая несколько дополнительных направлений в бизнесе. Является крупнейшей автомобилестроительной публичной компанией в мире, а также крупнейшей публичной компанией в Японии. Главный офис компании находится в городе Тоёта, префектура Айти (Япония). Компания занимает 6 место в Fortune Global 500 (2019 год).\r\n\r\nToyota Motor Corporation является основным членом Toyota Group. С этой компанией в основном ассоциируется бренд Toyota. Свою деятельность компания начинала с выпуска автоматических ткацких станко.', 'Toyota'),
('Honda Motor Co., Ltd. (яп. 本田技研工業株式会社 хонда гикэн ко:гё кабусики гайся) — международная промышленная компания, ведущий японский производитель мотоциклов, также входит в первую десятку в мире среди производителей автомобилей. Основные производственные мощности расположены в Японии, США, Индии и Бразилии, основные рынки сбыта — США и юго-восточная Азия. Компания Honda была основана в 1948 году изобретателем и предпринимателем Соитиро Хондой и финансистом Такэо Фудзисавой. Девиз компании - \"The Power of Dreams\" (\"Сила воображения\")', 'Honda'),
('Nissan Motor Co., Ltd. (яп. 日産自動車株式会社 ниссан дзидо:ся кабусикигайся) — японский автопроизводитель, один из крупнейших в мире. Компания основана в 1933 году. По состоянию на 2010 год занимает 8-е место в мировом рейтинге автопроизводителей (3-е среди японских производителей, после Toyota и Honda) по версии международного института исследования рынка IHS Automotive. Штаб-квартира с 2011 года находится в Иокогаме (ранее находилась в Токио).', 'Nissan'),
('Mazda Motor Corporation (яп. マツダ株式会社 мацуда кабусики-гайся), кратко: Mazda (рус. «Ма́зда») — японская автомобилестроительная компания, выпускающая автомобили «Мазда». Штаб-квартира — в Хиросиме. Входит в кэйрэцу Sumitomo. В 2015 году стала пятнадцатым автопроизводителем в мире по объёму производства автомобилей', 'Mazda'),
('Mitsubishi Group (яп. 三菱グループ Мицубиси гуру:пу) (по-русски «Мицуби́си груп») — японский конгломерат, один из первых дзайбацу. Крупнейшие компании, входящие в его состав — Mitsubishi Corporation, Mitsubishi UFJ Financial Group, Mitsubishi Heavy Industries (в которую, в свою очередь, входят автомобилестроительный гигант Mitsubishi Motors, химический концерн Mitsubishi Chemical[ja], корпорация Nikon и другие индустриальные активы). Штаб-квартира — в Токио.\r\nВ 1870 году Ятаро Ивасаки основал судоходную фирму Tsukumo Shokai Shipping Co. В 1873 году название было изменено на Mitsubishi Shokai. Название торговой марки Mitsubishi (яп. 三菱 Мицубиси) возникло из соединения слов mitsu (яп. 三 мицу, «три») и hishi (яп. 菱 хиси, «водяной орех»), которое, согласно правилам рэндаку, преобразуется в bishi (биси) и используется в значении «ромб». Логотип компании образован из слияния двух фамильных гербов основателей компании — трёх листьев дуба, сложенных в трилистник, и трёх ромбов, расположенных друг над другом.\r\nИзначально компания занималась производством и ремонтом кораблей, а также добычей угля для судов и морским страхованием. Ещё в начале XX века Mitsubishi превратилась в крупную фирму, которая вплоть до окончания Второй мировой войны принадлежала одной семье.', 'Mitsubishi');

-- --------------------------------------------------------

--
-- Структура таблицы `mark`
--

DROP TABLE IF EXISTS `mark`;
CREATE TABLE IF NOT EXISTS `mark` (
  `Name_of_mark` char(60) NOT NULL,
  `Foto_of_logo` char(100) NOT NULL,
  `Photo_on_pages_with_info` char(100) NOT NULL,
  PRIMARY KEY (`Name_of_mark`)
) ENGINE=MyISAM DEFAULT CHARSET=utf8;

--
-- Дамп данных таблицы `mark`
--

INSERT INTO `mark` (`Name_of_mark`, `Foto_of_logo`, `Photo_on_pages_with_info`) VALUES
('Toyota', 'Toyota_logo.png', ''),
('Honda', 'Honda_logo.png', ''),
('Mitsubishi', 'Mitsubishi_logo.png', ''),
('Nissan', 'Nissan_logo.png', ''),
('Mazda', 'Mazda_logo.png', '');

-- --------------------------------------------------------

--
-- Структура таблицы `minor_photo`
--

DROP TABLE IF EXISTS `minor_photo`;
CREATE TABLE IF NOT EXISTS `minor_photo` (
  `Way` text NOT NULL,
  `Id` int(11) NOT NULL AUTO_INCREMENT,
  PRIMARY KEY (`Id`)
) ENGINE=MyISAM AUTO_INCREMENT=19 DEFAULT CHARSET=utf8mb4 COLLATE=utf8mb4_0900_ai_ci;

--
-- Дамп данных таблицы `minor_photo`
--

INSERT INTO `minor_photo` (`Way`, `Id`) VALUES
('Toyota_Supra', 1),
('Toyota_Celiva', 2),
('Toyota_Mr2', 3),
('Toyota_GT 86', 4),
('Toyota_Chaser', 5),
('Mazda_Rx-8', 6),
('Mazda_Rx-7', 7),
('Mazda_6', 8),
('Honda_Accord', 9),
('Honda_Civic', 10),
('Honda_Legend', 11),
('Nissan_Skyline Gtr', 12),
('Nissan_350z', 13),
('Nissan_Teana', 14),
('Mitsubishi_Lanser 10 Evolution', 15),
('Mitsubishi_Eclipse', 16),
('Mitsubishi_3000GT', 17),
('Mazda_3', 18);

-- --------------------------------------------------------

--
-- Структура таблицы `model`
--

DROP TABLE IF EXISTS `model`;
CREATE TABLE IF NOT EXISTS `model` (
  `Id` int(11) NOT NULL AUTO_INCREMENT,
  `Name` char(100) NOT NULL,
  `Main_photo` char(100) NOT NULL,
  `Name_of_mark` char(60) NOT NULL,
  PRIMARY KEY (`Id`),
  KEY `IX_Relationship2` (`Name_of_mark`)
) ENGINE=MyISAM AUTO_INCREMENT=19 DEFAULT CHARSET=utf8mb4 COLLATE=utf8mb4_0900_ai_ci;

--
-- Дамп данных таблицы `model`
--

INSERT INTO `model` (`Id`, `Name`, `Main_photo`, `Name_of_mark`) VALUES
(1, 'Supra', 'Supra_main_foto.jpg', 'Toyota'),
(2, 'Celica', 'Celica_main_foto.jpg', 'Toyota'),
(3, 'Mr2', 'Mr2_main_foto.jpg', 'Toyota'),
(4, 'GT 86', 'GT86_main_foto.jpg', 'Toyota'),
(5, 'Chaser', 'Chaser_main_foto.jpg', 'Toyota'),
(6, 'Rx-8', 'Rx-8_main_foto.jpg', 'Mazda'),
(7, 'Rx-7', 'Rx-7_main_foto.jpg', 'Mazda'),
(8, '6', 'Mazda-6_main_foto.jpg', 'Mazda'),
(9, 'Accord', 'Accord_main_foto.jpg', 'Honda'),
(10, 'Civic', 'Civic_Type_R_main_foto.jpg', 'Honda'),
(11, 'Legend', 'Legend_main_foto.jpg', 'Honda'),
(12, 'Skyline Gtr', 'SkyLine_Gtr_main_foto.jpg', 'Nissan'),
(13, '350z', '350z_mai_foto.jpg', 'Nissan'),
(14, 'Teana', 'Teana_main_foto.jpg', 'Nissan'),
(15, 'lanser 10 Evolution', 'Lanser_10_Evo_main_foto.jpg', 'Mitsubishi'),
(16, 'Eclipse', 'Eclipse_main_foto.jpg', 'Mitsubishi'),
(17, '300GT', '3000GT_main_foto.jpg', 'Mitsubishi'),
(18, '3', 'Mazda-3_main_foto.jpg', 'Mazda');

-- --------------------------------------------------------

--
-- Структура таблицы `specifications`
--

DROP TABLE IF EXISTS `specifications`;
CREATE TABLE IF NOT EXISTS `specifications` (
  `Id` int(11) NOT NULL,
  `Engine_capacity` float NOT NULL,
  `Horsepower` text NOT NULL,
  `Type_of_transmission` text NOT NULL,
  `Year` int(11) NOT NULL,
  `Information` text CHARACTER SET utf8 COLLATE utf8_unicode_ci NOT NULL,
  PRIMARY KEY (`Id`)
) ENGINE=MyISAM DEFAULT CHARSET=utf8mb4 COLLATE=utf8mb4_0900_ai_ci;

--
-- Дамп данных таблицы `specifications`
--

INSERT INTO `specifications` (`Id`, `Engine_capacity`, `Horsepower`, `Type_of_transmission`, `Year`, `Information`) VALUES
(1, 3, '340', 'АКПП', 2019, 'На международном автосалоне в Детройте в январе 2019 года состоялась долгожданная премьера Toyota Supra нового, пятого по счету поколения. Фактически речь идет о возрождении модели, поскольку продукта с именем Supra в гамме Toyota не было с августа 2002 года, то есть почти 17 лет. Новое купе носит внутризаводской индекс A90. Разработка модели началась в 2012 году, ее создавали в рамках сотрудничества Toyota и BMW, поэтому Супра построена на общей платформе с новым BMW Z4.\r\n\r\nПрезентации Supra A90 предшествовали многочисленные утечки ее фотографий в Сеть, которые особенно интенсивными стали в конце прошлого года. Но о дизайне все же стоит сказать несколько слов. За облик купе отвечала тойотовская студия CALTY Design Research, которая располагается в Калифорнии. Экстерьер серийной Супры во многом перекликается с концепт-каром Toyota FT-1, который показали еще зимой 2014 года. Длинный капот, смещенная к задней оси кабина — классические пропорции, которые, по замыслу дизайнеров, должны вызывать ассоциации с легендарной Toyota 2000GT образца 1967 года.\r\n\r\nВ салоне — строго два места. Интерьер оформлен в нарочито спортивном ключе, его характеризуют минималистичная передняя панель, крупная комбинация приборов, руль с толстым ободом, ковшеобразные сиденья. Все сделано так, чтобы водитель был сконцентрирован на процессе управления автомобилем. Обращает на себя внимание установленный в верхней части планшетный дисплей мультимедийной системы с контролером iDrive — это позаимствовано у BMW.\r\n\r\nВ конструкции кузова широко применен алюминий. Пресс-служба Тойоты отмечает, что жесткость на кручение у кузова Супры выше, чем у кузова суперкара Lexus LFA.\r\n\r\nПередняя подвеска выполнена на двойных треугольных рычагах, задняя — по многорычажной схеме. Ходовая часть автомобиля настраивалась автоспортивным отделением Gazoo Racing. Во всех комплектациях Супра будет комплектоваться адаптивными амортизаторами с двумя предустановками — Normal и Sport. Развесовки масс по осям составляет 50/50.\r\n\r\nВ Детройте модель представили в версии с 3,0-литровым рядным шестицилиндровым бензиновым битурбомотором BMW B58B30. Мощность — 340 л.с, крутящий момент — 500 Нм. К слову, на Z4 тот же двигатель производительнее — 382 л.с. и 501 Нм. Мотор агрегатирован с 8-ступенчатой автоматической коробкой передач ZF. С места до 100 км/ч новая Supra разгоняется всего за 4,3 секунды, максимальная скорость ограничена на отметке 250 км/ч. Привод — задний, с активным дифференциалом, который в зависимости от дорожной ситуации и погодных условий перераспределяющий крутящий момент между правым и левым ведущими колесами в диапазоне от нуля до 100%. Тормозная система — с четырехпоршневыми суппортами, марки Brembo. Поведение автомобиля оттачивали тестами на знаменитой гоночной трассе Нюрбургринг.\r\n\r\nПроизводство Toyota Supra будет ведется на одном конвейере с BMW Z4, то есть на заводе Magna Steyr в Граце (Австрия).'),
(2, 1.8, '143', 'АКПП', 2006, 'Toyota Celica (ˈt͡sɛːlikɑ) — спортивный автомобиль, выпускавшийся японской автопроизводительной фирмой Toyota Motor Corporation. На протяжении своей истории Celica комплектовалась разнообразными 4-цилиндровыми двигателями. Наиболее значимые изменения произошли в августе 1985 года, когда задний привод уступил место переднему. Полноприводная турбированная модель GT-Four (All-Trac[en] в США) производилась с 1986 по 1999 год. Система сдвига фаз газораспределения появилась в конце 1997 года на японских моделях (кроме GT-Four) и стала стандартной для всех рынков в 2000 году. В течение семи поколений Celica претерпела множество конструкторских и дизайнерских изменений, включая Toyota Celica Supra (позже отделившуюся в самостоятельную модель — Toyota Supra). Были доступны кузовы хэтчбэк, лифтбэк, а также кабриолет. Последняя Celica сошла с конвейера 20 апреля 2006 года. На этом закончилась почти 36-летняя история модели.'),
(3, 1.8, '140', 'АКПП', 2007, 'Toyota MR2 — двухместный спортивный автомобиль, выпускавшийся компанией Toyota c 1984 по 2007 годы. В автомобиле реализована среднемоторная компоновка, то есть двигатель расположен позади водителя и пассажира, но перед задней осью.\r\n\r\nMR2 задумывался как небольшой, экономичный и спортивный автомобиль, в его конструкции использованы простые элементы дизайна, передняя и задняя подвеска Макферсон, поперечно установленный рядный четырёхцилиндровый двигатель.\r\n\r\nНазвание MR2 означает либо «среднемоторный, небольшой, двух-местный» (англ. mid-ship, run-about, 2-seater)[4], либо «среднемоторный, заднеприводный, двухместный» (англ. mid-engine, rear-wheel-drive, 2-seater).[5].'),
(4, 2, '200', 'АКПП', 2016, 'Спортивное купе Toyota GT86 вместе с двойником Subaru BRZ ожидали не только спортсмены-кольцевики и просто любители «горячих» автомобилей, но и старые дрифтеры, которые еще помнят магию чисел «восемь-шесть». Ведь они знали — GT86/BRZ не что иное, как возрождение легендарной Toyota Corolla AE86.\r\n\r\nПрототип своего будущего спорт-кара, который получил название Toyota FT-86 (от Future Toyota), компания представила на Токийском автосалоне 2009, однако серийный образец, официальная премьера которого состоялась в конце 2011 года, получил новое название GT-86 (более понятный вариант аббревиатуры, от всем известного «Grand Tourer»). Под капотом спорткара — максимально сдвинутый назад и вниз (развесовка 53:47) двухлитровый субаровский «оппозит» — у Toyota так давно не было компактного, легкого и мощного заднеприводника. Механическая и автоматическая коробки от Toyota. Выпуск купе под обоими именами был налажен также на одном из заводов «Плеяд».\r\n\r\nБлагодаря тому, что мотор и зона кокпита вынесены к задней оси, разработчикам удалось получить идеальные пропорции, низкое размещение центра тяжести и обеспечить высокие аэродинамические характеристики. Toyota GT 86 украшают агрессивная оригинальная решетка радиатора, эксклюзивная эмблема «86», сдвоенные хромированные выхлопные трубы, 17\" легкосплавные колесные диски, задний спойлер. На российском рынке спорткар был представлен в нескольких комплектациях: «Элеганс», «Престиж», «Люкс», «Престиж Аэро», «Люкс Аэро». В стандартное оснащение входят передние противотуманные фары, биксеноновые фары с омывателями, светодиодные дневные ходовые огни, боковые электрозеркала с обогревом и приводом складывания, спортивные сиденья с увеличенной боковой поддержкой, электростеклоподъемники с функцией «в одно касание», двухзонный климат контроль, интеллектуальная система доступа в автомобиль и запуска двигателя. Аудиосистема включает форматы CD/MP3/WMA, 6 динамиков, Bluetooth и выходы AUX + USB. Комплектация «Престиж» предлагает комбинированную обивку сидений (кожа-алькантара), подогрев сидений. Версия «Люкс» — автоматическую коробку и подрулевые лепестки переключения передач. Версии «Престиж Аэро», «Люкс Аэро» внешне отличает задний спойлер увеличенного размера.\r\n\r\nЕдинственный двухлитровый субаровский двигатель BOXER с комбинированным впрыском D-4S от Toyota предлагается только в атмосферном варианте. Он обладает мощностью 200 л.с. (147 кВт) при 7000 об/мин. Максимальный крутящий момент — 205 Нм при 6600 об/мин. Расход топлива составляет 13 км/л или 7,7 л на 100 км (базовая модель), что должно хватить на 650 км пробега (бак авто — 50 л). Машина требовательна к топливу — по инструкции ей требуется бензин Premium, т.е. АИ-98. Трансмиссия — 6-ступенчатая механическая или автоматическая. С места до 100 км/ч Toyota GT86 разгоняется за 7,6 сек. с «механикой» и за 8,2 сек. с автоматической трансмиссией. На задней оси всех версий с МКПП 6 установлен дифференциал повышенного трения LSD, он же используется на топовой модификации с «автоматом»\r\n\r\nПередняя подвеска Toyota GT86 — типа McPherson, задняя — на двойных поперечных рычагах. Передние и задние тормоза — дисковые (вентилируемые), причем спереди немного большего размера (диаметр 294 мм против 290 мм у задних). Высота дорожного просвета — 130 мм. Рулевой механизм типа «шестерня-рейка» включает привод с электроусилителем. Минимальный радиус разворота — 5,4 м. Снаряженная масса купе составляет 1210 кг для базовой модели с «механикой». «Автомат» на 20 кг тяжелее. Специально для соревнований предназначена облегченная омологационная версия, удешевленная за счет отсутствия кондиционера, «музыки» и других гражданских атрибутов. А первыми прелести нового купе оценили американские дрифтеры, которым предложили клона GT86/BRZ — Scion FR-S с 600-сильным оппозитным мотором Cosworth.\r\n\r\nЕсли говорить о безопасности серийного купе Toyota GT86, то в стандартное для всех комплектаций оборудование входят антиблокировочная тормозная система, электронная система распределения тормозных усилий, усилитель экстренного торможения, система курсовой устойчивости, антипробуксовочная система; фронтальные и боковые подушки безопасности, шторки безопасности, коленная подушка водителя. Конструкция передних сидений снижает вероятность травмы шеи при ударе сзади. Автомобиль получил высокие результаты в краш-тестах.'),
(5, 2, '160', 'АКПП', 2001, 'Toyota Chaser (яп. トヨタ・チェイサー, от англ. Chaser «преследователь») — четырёхдверный среднеразмерный седан, выпускался компанией Toyota в 1977—2001 годах. Модель спроектирована на базе Toyota Mark II. В модельном ряду Toyota занимает промежуточное место между Toyota Corona и Toyota Crown. Хотя официально данная модель продавалась только в Японии, она широко представлена на рынках подержанных автомобилей в России и Юго-Восточной Азии. Относится к одному классу вместе с Toyota Mark II и Toyota Cresta, полностью унифицирована с ними по шасси и салону. Всего выпускалось шесть поколений этой модели.'),
(6, 1.3, '231', 'МКПП', 2012, 'Mazda RX-8 — спортивный автомобиль производства японской компании Mazda, преемник модели RX-7. Четырёхместное заднеприводное спорт-купе с распашными дверями без стойки. Кажется, что в машине только две двери, но если открыть переднюю дверь, виден рычаг для открытия задней двери. RX-8 выпускалась в Японии с 2003 по 2012 год. Впервые его прототип (тогда ещё носивший название RX-Evolv) был продемонстрирован в Детройте в 2000 году. Затем, примерно год спустя, в Токио демонстрировалась уже пробная версия с роторным двигателем Renesis.'),
(7, 1.3, '280', 'МКПП', 2002, 'Третье поколение Mazda RX-7 было представлено в 1991 году. В нем предлагался только один кузов — купе. В сравнении с предыдущим поколением автомобиль получил новую переднюю оптику, форма кузова потеряла угловатость, улучшилась аэродинамика машины, задний спойлер стал более выраженным. За годы выпуска RX-7 модифицировался несколько раз. За это время были улучшены подушки безопасности, изменен задний спойлер и фары. В 1999 году в результате рестайлинга автомобиля увеличилась мощность двигателя, которая возросла на 25 лошадиных сил. Была улучшена работа антиблокировочной системы.\r\n\r\nПосле последнего рестайлинга Mazda перестала экспортировать автомобиль на другие рынки, сконцентрировавшись на продажах в Японии. Модель сняли с производства в 2002 году. В линейке автомобилей Mazda ее сменила модель RX-8. Кроме базовой модификации выпускались и девять лимитированных, каждая из которых была представлена тиражом не более чем 1500 машин. Разница между ними и базовой версией заключалась преимущественно в наборе опций и отделке салона. Так, модификация Type RB Bathurst X отличалась отделкой салона красной кожей.\r\n\r\nНа автомобиль устанавливались роторные двигатели объемом всего 1,3 литра, но обладающие большой мощностью. Первоначально мощность моторов составляла 255 лошадиных силы. Но после рестайлинга появились двигатели мощностью 265 и 280 л.с. Предлагалось купе Мазда РХ-7 с двумя типами КПП: четырехступенчатым автоматом и пятиступенчатой механикой. Все модификации были заднеприводными.\r\n\r\nМаксимальная скорость составляет 251 км/ч, при разгоне с места до 100 км/ч за 5,3 секунды с самым маломощным мотором. Скоростные характеристики купе подчеркивает его малый клиренс — 135 мм, обеспечивающий лучшую прижимную силу на прямых и в поворотах. Подвеска (двойные поперечные рычаги со стабилизаторами) настроена в максимально спортивном режиме. Тормоза на Мазда РХ-7 установлены дисковые вентилируемые. Расход топлива на Mazda RX-7 достаточно велик — 13,8 литра в городском цикле и 9,4 на трассе для мотора 1,3 л (255 л.с.).\r\n\r\nМашина отличается небольшой высотой и вытянутым капотом, потому, несмотря на внушительные размеры (длина Мазда РХ-7 — 4285 мм, ширина — 1760 мм, высота — 1230 мм), он подходит для удобной посадки только передних пассажиров. Вообще, автомобиль считается четырехместным, но места в салоне немного — его длина всего 1415 мм. Потому сзади места хватает только детям. Для малышей предусмотрены крепления для детских кресел. Некоторые версии выпускаются без заднего ряда сидений. В спорткаре даже есть небольшой багажник, вмещающий всего 122 литра — примерно вчетверо меньше рядового городского автомобиля.\r\n\r\nБазовая комплектация купе Mazda RX-7 включает гидроусилитель руля, электропривод боковых зеркал, электростеклоподъемники.'),
(8, 2.5, '231', 'АКПП', 2018, 'Компания Mazda серьезно обновила свой среднеразмерный седан с номерным обозначением 6. Автомобиль получил иное оформление передней части, соответствующее более современным серийным Маздам и последним концепт-карам марки. Среди отличительных особенностей — радиаторная решетка с небольшими ячейками и новый хромированный контур с длинными горизонтальными остриями, подчеркивающими форму изменившейся головной оптики. Последняя стала еще более выразительной, создавая ощущение хищного взгляда, чему способствуют новые «зрачки» фар и «прищур» светодиодных огней. Столь же хищно выглядит и новый бампер с более узким воздухозаборником. У новинки появились легкосплавные диски диаметром 17 и 19 дюймов нового дизайна, изменен дизайн задних фонарей, длинная хромированная планка модифицированной формы теперь делит их секции, расположенные на крышке багажника. Немного изменены габариты машины. Расширилась агрегатная линейка: для российского рынка теперь доступна 2,5-литровая турбочетверка Skyactiv-G от CX-9.\r\n\r\nЗначительные изменения затронули салон машины. Интерьер существенно преобразился — обновились центральная консоль, мультимедийная система (она теперь с 8-дюймовым экраном с улучшенной контрастностью), а в топовой комплектации установлена новая цифровая 7-дюймовая «приборка». Модернизирована конструкция передних кресел: изменен их профиль, подушки расширены, улучшен наполнитель. Изменена и форма задних сидений, они также получили новую набивку из высокоэластичного пенополиуретана, лучше поглощающего вибрации, изменены положения подголовников и угол наклона подушки, центральный подлокотник расположен на той же высоте, что и подлокотники дверей, в результате чего посадка стала более удобной. У задних пассажиров появились два USB-порта для подзарядки гаджетов. Улучшению также подверглись мультифункциональное рулевое колесо, система климат-контроля. Впервые в базовой комплектации Mazda предлагает вентиляцию передних сидений с трехступенчатым контролем. В «старших» комплектациях есть обивка из кожи Nappa, а также вставки из дерева.\r\n\r\nГлавное техническое изменение в Mazda6 — 2,5-литровый 4-цилиндровый турбомотор Skyactiv-G 2.5T. Отдача агрегата, известного по кроссоверу CX-9, составляет 250 л.с. мощности и 420 Нм крутящего момента. Производитель обещает, что конструкция впуска позволяет турбине войти в рабочий диапазон уже при небольших оборотах двигателя. Для турбомотора предусмотрен только 6-ступенчатый «автомат». В этой модификации седан разгоняется до максимальной скорости 239 км/ч, а первую «сотню» набирает за 7 секунд. Средний расход составляет 7,7 л бензина на 100 км. Атмосферный 2,5-литровый двигатель по-прежнему доступен для заказа, причем для него сохранилась комплектация с «механикой». Мотор так же развивает 192 л.с. мощности, но на небольших скоростях (40-80 км/ч) теперь можно отключить половину цилиндров ради экономии. Максимальная скорость 223 км/ч, разгон до «сотни» за 8,2 сек. Расход топлива в смешанном цикле 6,9 л/100 км. Показатель мощности младшей версии 2.0 AT — 150 л.с., у этой модификации максимальная скорость 207 км/ч, время разгона 0-100 км/ч 10,8 сек, а расход 6,5 л/100 км. Объем бака у Mazda6 — 62 л. \r\n\r\nПомимо прочих изменений, седан получил перенастроенную подвеску и доработанное рулевое управление — рейка теперь прочно крепится к кузову. Производитель утверждает, что также усилил шасси и добавил толщины металлу в некоторых частях кузова, например, в задних колесных арках и рычагах подвески. Схема подвесок осталась прежней — спереди независимая, типа МакФерсон, сзади многорычажная. Длина автомобиля 4870 мм, ширина 1840 мм, высота 1450 мм. Колесная база 2830 мм, минимальный радиус разворота составляет 6 м. Дорожный просвет составляет приемлемые для российских условий эксплуатации 165 мм. Объем багажника уменьшился с 438 до 429 литров.\r\n\r\nВ числе систем безопасности Mazda6 2018 — адаптивный круиз-контроль с возможностью остановки и пропуска автомобилей, движущихся перпендикулярно, система защиты от обледенения ветрового стекла, мониторинг слепых зон с обнаружением препятствий, пешеходов и других автомобилей, система сохранения полосы движения, камеры кругового обзора. Для автомобиля предлагается функция распознавания дорожных знаков и голосовое уведомление. Также необходимо выделить новый полноцветный проекционный дисплей, который отражает основную информацию непосредственно на ветровое стекло.\r\n\r\nОбновленный седан Mazda6 теперь имеет внутреннее обозначение GL — это привлекательный внешне и отлично оснащенный автомобиль, воплощающий в себе лучшие технологии компании. Среди плюсов — управляемость, комфорт, динамичность. Одним из минусов модели по-прежнему остаются небольшой размер багажника, слабое лакокрасочное покрытие и недостаточная шумоизоляция. Автомобили для нашего рынка выпускаются на производственной площадке Mazda Sollers во Владивостоке. '),
(9, 3.5, '281', 'АКПП', 2015, 'Новый Honda Accord образца 2013 года демонстрирует очередной прорыв. Впервые автомобиль получил двигатели объемом 2,4 и 3,5 литра. В передней подвеске впервые использована стоечная конструкция (МакФерсон) со стабилизатором поперечной устойчивости. Кроме того, у себя на родине в Японии автомобиль впервые предлагается только в гибридных версиях. Автомобиль получил значительно обновленный внешний вид и салон и по-прежнему предусматривает очень богатое оснащение.\r\n\r\nВ России новый Honda Accord предлагается в комплектациях Elegance, Sport, Executive и Premium. Уже в базовой комплектации Elegance седан имеет двухзонный климат-контроль, систему доступа без ключа, запуск двигателя с кнопки, передние сидения с подогревом, омыватель фар, 8-дюймовый цветной дисплей, а также сенсорный экран управления аудиосистемой ODMD, CD/MP3-аудиосистему с 6 динамиками и кнопками управления на руле, USB-разъем, круиз-контроль, датчик дождя и света, импульсные электростеклоподъемники всех дверей, зеркала с электроприводом (в т.ч. складывания) и обогревом, противотуманные фары. В комплектации Sport предлагаются светодиодные фары с дневными ходовыми огнями, аудиосистема с 7 динамиками и сабвуфером, спойлер, декоративные элементы интерьера, красная подсветка приборов, автозатемняющееся зеркало заднего вида, подрулевые лепестки переключения передач, 18-дюймовые алюминиевые диски, а также специально настроенная спортивная подвеска. В версии Executive автомобиль получает дополнительно кожаный салон, люк, электропривод передних сидений, подогрев задних сидений, парктроник, камеру заднего вида, декоративные накладки «Селенит», навигационную систему. Топовая комплектация Premium дополнительно оснащена функцией запоминания положения кресла водителя, солнцезащитными шторками задних окон, АКБ увеличенной емкости и адаптивным круиз-контролем (ACC).\r\n\r\nВ первых трех вариантах комплектаций предлагается 2,4-литровый мотор i-VTEC (180 л.с.) с 5-ступенчатым «автоматом». В комплектации Sport можно заказать и 6-ступенчатую МКПП — впрочем, это единственный вариант с «механикой». Самой мощной в линейке нового Accord является версия с 3,5-литровым V6 i-VTEC (280 л.с.) — ее можно приобрести только в комплектации Premium с 6-ступенчатой АКП. Оба силовых агрегата новой серии Earth Dream Technologies способны работать на топливе АИ-92. Двигатель V6 также имеет систему деактивации части цилиндров при малых нагрузках. Благодаря этому достигается высокая экономия топлива.\r\n\r\nПодвеска Honda Accord отличается высокой энергоемкостью, отличными настройками и характеристиками, оптимальными для адаптации автомобиля под российские условия. Конечно, не обошлось без электронных систем обеспечения безопасности в движении. Это системы ABS (антиблокировочная), EBD (распределения тормозного усилия), BAS (вспомогательная система торможения), VSA (cистема курсовой устойчивости) и HSA (система помощи при старте на подъеме), которые входят в базовую комплектацию. В самой дорогой комплектации Premium автомобиль оснащается опцией предупреждения об опасности столкновения (CMBS), которая работает на базе радара. Она позволяет на скоростях свыше 15 км/ч обнаруживать движущиеся и неподвижные транспортные средства на расстоянии около 100 м. Когда система обнаружит, что автомобиль может столкнуться с одним из препятствий, инициируется трехэтапный процесс торможения.\r\n\r\nЧто до остальных систем, то базовую модификацию входят 8 подушек безопасности, активные подголовники. А начиная с комплектации Executive автомобиль оснащается инновационной системой контроля «мертвых зон» (Lane Watch), которая представляет собой камеру, встроенную в правое зеркало заднего вида. При активации данной опции на основной монитор приборной панели выводится широкоформатное изображение, что позволяет водителю контролировать присутствие не только автомобилей, но и, например, велосипедистов и мотоциклистов в зоне движения.\r\n\r\nHonda Accord демонстрирует очень серьезный набор оснащения, во многом превосходящий аналогичное предложение многих конкурентов. Серьезно изменившись внешне, а главное — внутри, автомобиль нисколько не изменил своего спортивного характера. В плюсе остались и прежние высокая топливная эффективность, и просторность салона, ну и, конечно, комфорт и качество изготовления.'),
(10, 2, '320', 'МКПП', 0, 'Новый Honda Civic Type R построен на базе десятого поколения Civic, дебютировавшего в 2015 году. Примечательно, что предыдущий Type R Хонде пришлось разрабатывать несколько продолжительных лет, в результате чего машина добралась до серии на исходе жизненного цикла — уже через два года выпустили замену. Причиной оперативности при создании нового Type R стало то, что в платформу Civic 10-го поколения не пришлось вносить огромное количество изменений для выпуска хот-хэтча — эта архитектура была рассчитана под особенности Type R с самого начала. Новый Civic Type R внешне цепляет своим агрессивным видом, а его великолепные аэродинамические данные легко угадываются с первого взгляда. Разработка аэродинамического обвеса новой машины осуществлялась с применением компьютерного моделирования и экспериментальными продувками в аэродинамической трубе. Под капотом находится 2,0-литровый турбомотор — такой же ставили на прежний Type R. Его отдача немного выросла — теперь агрегат развивает 320 лошадиных сил.\r\n\r\nОт «гражданской» версии автомобиль отличается 19-дюймовыми легкосплавными дисками с высокой жесткостью, разработанными специально для Type R, большим антикрылом на пятой двери, мощным сплиттером переднего бампера и боковыми юбками, так же помогающими управлять потоками воздуха. В итоге достигнут лучший в классе баланс между подъемной силой и сопротивлением. Абсолютно новый интерьер демонстрирует высочайшее качество, комфорт и изысканность. В салоне выделяются ручка рычага КПП с отделкой из алюминиевого сплава, кожаный руль, эксклюзивные спортивные сиденья с высокой спинкой и увеличенной боковой поддержкой, карбоновые панели, красная подсветка, интенсивность которой меняется в зависимости от динамического режима. Черно-красная цветовая схема обшивки салона дополняет и усиливает энергичность внутреннего пространства. Важно отметить улучшенную обзорность — верхняя плоскость приборной панели расположена на 65 мм ниже, а передние стойки на 12 мм уже, чем у предыдущего Type R, обеспечивая лучшие в своем классе 84,3 градуса видимости вперед.\r\n\r\n«Заряженный» хэтчбек Civic Type R нового поколения FK получил двухлитровый четырехцилиндровый турбодвигатель VTEC Turbo с прямым впрыском топлива. Максимальная мощность в 320 «лошадей» доступна на 6500 оборотах в минуту, а крутящий момент достигает значения 400 Нм уже с 2500 оборотов в минуту. Благодаря таким показателям Type R является лучшим переднеприводным хэтчбеком в классе — разгон от 0 до 100 км всего за 5,7 секунды. Максимальная скорость 272 км/ч. Мотор сочетается с шестиступенчатой механической коробкой передач. В «базе» у хот-хэтча есть дифференциал повышенного трения. Вес остался примерно прежним — 1390 кг. В пересчете на удельную мощность получается, что на одну лошадиную силу приходится всего 4,34 кг веса автомобиля. Благодаря многочисленным технологиям, а также наличию системы старт-стоп, средний расход топлива довольно скромный — 7,8 л/100 км. \r\n\r\nЗначительные изменения затронули шасси автомобиля. Смена платформы позволила повысить жесткость кузова на кручение на 38%. Кроме того, у нового Type R сзади «многорычажка» — у предшественника была торсионная балка. Спереди — алюминиевые нижние рычаги и поворотные кулаки. Новый хот-хэтч предложит покупателям баланс между динамикой и комфортом. У машины даже появилась система выбора режимов езды, в которой есть три пункта: стандартный Sport, трековый +R и новый Comfort. Каждый режим имеет свои особенности настройки адаптивных амортизаторов, усилителя рулевого управления, чувствительности переключения передач и реакции дроссельной заслонки. Не забыты практическая и комфортная составляющие. Новый хэтчбек построен на платформе с колесной базой 2700 мм, с хорошим запасом пространства для сидящих сзади и вместительным багажным отделением, которое оснащено инновационной шторкой, убирающейся вбок без необходимости ее удаления при загрузке больших вещей. Задние сиденья разделены и складываются в пропорции 60:40, образуя плоский пол. Высота погрузки 680 мм, ширина проема багажника 1120 мм. В салоне имеются многочисленные отделения для мелких вещей.\r\n\r\nХэтчбек Honda Civic Type R предложит самые современные системы безопасности. Стандартное оборудование включает систему поддержки безопасного вождения Honda SENSING на основе радара миллиметрового диапазона и передней камеры. Автомобиль оснащен системой помощи при маневрировании Agile Handling Assist, которая, используя компоненты системы стабилизации движения VSA и активное торможение, предотвратит съезд с дороги в крутом повороте. Имеется функция автоматического удержания на подъеме. В списке оснащения: светодиодные фары, антибликовое зеркало заднего вида, датчики света и дождя и многое другое. Крепления детских кресел, ремни с преднатяжителями и ограничителями, несколько подушек безопасности (передние, боковые, шторные) надежно защищают сидящих в салоне, а «плавающая» конструкция капота более безопасна для пешеходов.\r\n\r\nОчередное поколение Honda Civic впечатляет своими техническими данными, отличной комплектацией, выглядит агрессивнее и динамичнее предшественников, что особенно применимо к выдающейся модели Civic Type R. Как отмечают в компании, новая концепция направлена на то, чтобы механическое пространство было сведено к минимуму, а пространство для людей максимально увеличено — так что автомобиль порадует функциональным и просторным салоном. Стоит учесть низкий дорожный просвет, жесткую подвеску, очень строгие требования к качеству масла, топлива и технического обслуживания.'),
(11, 3.7, '295', 'АКПП', 0, 'В августе 2008-го года на Московском автошоу компания Honda представила обновленный флагман своего модельного ряда — седан Honda Legend. От предыдущей модификации Legend отличается немного измененным дизайном экстерьера и интерьера. Во внешности можно выделить новую радиаторную решетку большего размера, 18-дюймовые алюминиевые колесные диски, полностью новую переднюю и заднюю оптику. Однако у Legend изменился не только внешний вид и салон, но и силовая установка. Вместо 3,5-литрового двигателя седан получил новый 3,7-литровый шестицилиндровый бензиновый агрегат.\r\n\r\nГлавными новшествами в оснащении рестайлинговой версии Honda Legend в 2008 году стали системы интеллектуального климат-контроля и активного подавления шумов. У машины частично модернизирован интерьер. В единственной предложенной для российского рынка комплектации есть электропривод рулевой колонки, передних сидений и даже электрические регулировки задних кресел, все сиденья оснащены подогревом. Новая бортовая система мультимедиа включает все самые необходимые и современные форматы и интерфейсы: DVD, MP3, USB, Bluetooth — все это дополнено премиальной акустической системой BOSE с 9 динамиками. Высокое качество материалов отделки с использованием кожи и натурального дерева по-прежнему выгодно отличает этот седан. \r\n\r\nС появлением нового двигателя — 3,7-литрового агрегата — максимальная мощность модели не изменилась. В спецификации для российского рынка это по-прежнему 295 л.с., но вот крутящий момент теперь на 20 Нм больше — 371 Нм. Помимо увеличения рабочего объема увеличена степень сжатия, проведена общая модернизация двигателя. Работает он в паре с пятиступенчатой автоматической коробкой передач. По данным Honda, с нуля до ста километров в час автомобиль с такой силовой установкой способен разогнаться за 7,1 секунды, что на две десятых секунды быстрее предыдущей версии Legend. Расход топлива в городском цикле уменьшился с 17 до 16,3 литров на 100 км. Среднее же значение расхода составляет теперь 11,6 литров на «сотню» вместо прежних 11,9 л.\r\n\r\nПосле модернизации Legend получил новые настройки подвески, задний стабилизатор поперечной устойчивости увеличенного размера. Надо отметить, что в данном поколении Legend очень большое внимание уделялось снижению веса — из алюминиевого сплава выполнены крылья, крышка багажника, большая часть деталей подвески. После рестайлинга была ужесточена и борьба с лишним шумом — она привела к появлению уникальных алюминиевых колес с шумоподавляющим устройством, которое работает за счет резонаторов полой конструкции во внутренней части колес — они поглощают звук, создающийся при движении по грубому дорожному покрытию и не позволяют ему проникать в салон. Размеры автомобиля изменились незначительно — после рестайлинга длина кузова еще плотнее приблизилась к 5 метрам и составляет 4985 мм. Ширина и высота прежние — 1845 и 1455 мм. В данном поколении Legend имеет очень просторный салон — его размеры 2025 x 1515 x 1185 мм (Д x Ш x В). Объем багажника седана составляет примерно 450 литров. В перегородке имеется люк для длинных предметов.\r\n\r\nСистемы безопасности Honda Legend обновленной серии KB2 включают передние и боковые подушки для водителя и переднего пассажира, подушки безопасности-шторки, активные подголовники. Целый набор электронных систем: антиблокировочная система ABS (с EBD), электронного контроля устойчивости и антипробуксовочная. А также круиз-контроль, активная система управления фарами в поворотах, система ночного видения, проекционный дисплей и многое другое. Одной из важных составляющих безопасности является система полного привода SH-AWD. Она распределяет момент между осями в пропорции 70:30 и от 0 до 100 процентов между колесами одной оси.\r\n\r\nОтменные ходовые качества и надежная управляемость, великолепная изоляция от шумов и вибраций (двигатель здесь с уравновешивающими валами и гидроопорами), богатое оснащение и просторный салон, отличная безопасность — все это Honda Legend четвертого поколения. Есть, конечно, и ряд особенностей, требующих взвешенного подхода к покупке подержанного седана Legend. Это все же приличный расход топлива, обилие сложной электроники, высокая стоимость запчастей (их чаще всего приходится заказывать), низкий клиренс, большие размеры авто и налог.'),
(12, 2.6, '280', 'МКПП', 2002, 'Спустя 8 месяцев после начала серийного выпуска нового, 10-го по счету поколения базового автомобиля Skyline, в январе 1999 года дебютирует модель Skyline GT-R серии R34 (BNR34). Уже традиционно модельный ряд подразделяется на машины обычной комплектации и машины модификации V-spec. Новая модель оснащалась двигателем RB26DETT с увеличенным крутящим моментом и 6-ступенчатой ручной коробкой передач от компании Getrag. Даже стандартная машина отличалась повышенной жесткостью кузова и имела ходовые качества не хуже, чем автомобиль прежней модификации R33 GT-R V-spec. На новой машине R34 V-spec стояла та же система полного привода «Attesa E-TS pro», а кроме того, ее подвеска прошла специальную доводку. Получилась машина, просто созданая для того, чтобы доставлять максимум удовольствия от езды. Излишне говорить, что в рейтинге продаж она заняла одну из самых верхних строк. В августе 2000 года происходит частичная замена модельного ряда, после чего в интерьере стал преобладать черный цвет. В мае 2001 года модельный ряд был пополнен машиной новой комплектации M-spec, амортизаторы которой были снабжены устройством, позволяющим избавиться от мелкой вибрации, а салон был дополнен кожаными сидениями.'),
(13, 3.5, '301', 'МКПП', 2007, 'Спортивное купе  Nissan 350Z   дебютировало в США и Японии еще в 2002 году. На европейском рынке автомобиль появился осенью 2003-го, а до российских клиентов доехал только в 2005. Первоначально Nissan 350Z производился только в кузове купе. Но на 75-м Женевском автосалоне этот автомобиль представили в кузове родстер. Главная его особенность — это автоматическая мягкая виниловая крыша, которая складывается за 20 с. Но в Россию родстер Nissan 350Z пока поставляться не будет.\r\n\r\nЕвропейскую версию автомобиля ниссановские инженеры слегка изменили: тормоза \"Brembo\" с двухпоршневыми механизмами, самоблокирующийся задний дифференциал (он улучшает разгон на выходах из скоростных поворотов) и  противозаносная система стабилизации ESP  вошли в стандартное оснащение. Изменились наружные зеркала заднего вида. Они получили панорамные стекла, обеспечивающие более широкий сектор обзора. В европейской комплектации устанавливается только механическая шестиступенчатая КПП.\r\nВ спорткупе работает V-образный шестицилиндровый двигатель объемом 3,5 л (280 л.с), имеющий классическую заднеприводную компоновку. Крутящий момент 363 Нм, а разгон до сотни - за 5.9 с.\r\n\r\nNissan 350Z представлен в единственной комплектации, которая включает  климат-контроль , спортивные сиденья с подогревом и электроприводом, стеклоподъемники с функцией предотвращения защемления, аудиосистема BOSE 240Вт: 6 колонок + сабвуфер, бортовой компьютер  и литые диски с резиной разной размерности (225/45R18 — спереди, и 245/45R18 — сзади).'),
(14, 3.5, '249', 'Вариатор', 0, 'Nissan Teana позиционируется на рынке между D- и Е-классами. По заявлению производителя, новое поколение модели, продажи которой начались в марте 2014 года, сочетает в себе комфорт бизнес-седана Е-сегмента и спортивность моделей D-класса. Особенностью динамичного дизайна стали агрессивно выпирающие колесные арки, плавные боковые линии кузова, мощный передний бампер с крупными ячейками нижней решетки. Серьезны изменения в салоне: автомобиль обзавелся новой панелью приборов с крупным цветным экраном между шкалами тахометра и спидометра, дублирующим информацию о навигации, данные состояния бортовых систем и изображение камеры заднего обзора. Для отделки интерьера используются качественные и дорогие материалы. Производитель предлагает несколько вариантов окраски кузова: черный, синий, коричневый, бежевый, темно-серый, серебристый, белый перламутр.\r\n\r\nАвтомобиль предлагается покупателям в модификациях с одним из двух двигателей и в нескольких комплектациях: Elegance, Elegance Plus, Luxury, Luxury Plus, Premium, Premium Plus. Во всех комплектациях седан Teana оснащен полным электропакетом (стекла, зеркала с функцией складывания), системами запуска двигателя с кнопки и бесключевого доступа Intelligent Key (чип-ключ); рулевая колонка регулируется по наклону и вылету, есть передние и задние датчики парковки, мульти-руль, круиз-контроль, датчики дождя и света, подогрев боковых зеркал и передних сидений, двухзонный климат-контроль; руль и ручка КПП с отделкой кожей. В базовой комплектации Elegance — галогенные фары, легкосплавные диски 16\", обивка сидений из ткани, декоративные вставки «под дерево», цветной центральный дисплей с CD/MP3, 6 динамиков. Уже начиная с Elegance Plus присутствует кожаный салон и электропривод передних сидений, а в Luxury — обогрев и задних сидений, а также ксеноновые фары с автокорректором, камера заднего вида. В Luxury Plus добавлена навигационная система. Комплектация Premium — это, прежде всего, расширенный комплекс безопасности, помимо этого — диски 17\", вентиляция передних сидений, обогрев рулевого колеса, сабвуфер и 8 динамиков. Для Premium Plus декоративные вставки сделаны под металл, присутствует электрошторка на заднем стекле.\r\n\r\nРоссийскому покупателю Teana предлагается с двумя моторами. Первый из них — 2,5-литровый четырехцилиндровый силовой агрегат, выдающий 172 л.с. (6000 об/мин) и максимальный крутящий момент 234 Нм (4000 об/мин.) — предлагается для всех комплектаций. В качестве альтернативы доступен 3,5-литровый мотор мощностью 249 л.с. и с максимальным моментом 312 Нм. Этот силовой агрегат — принадлежность исключительно топовых комплектаций Premium и Premium Plus. Расход топлива новой Teana находится в приемлемых показателях — в городском цикле базовый двигатель расходует 10,2 литра на «сотню», а 3,5-литровый — 13,2. За городом — соответственно 6 и 7 литров. Оба мотора идут в паре с модернизированным вариатором и, в отличие от предыдущего поколения, только в переднеприводных версиях.\r\n\r\nСпереди Nissan Teana по-прежнему амортизационные стойки, задняя подвеска — модернизированная многорычажная. Рулевое управление — с электрогидроусилителем и функцией изменения передаточного отношения руля. По сравнению со своим прямым прообразом, североамериканской Altima, видоизмененной копией которой является Teana, автомобиль получил улучшенную шумоизоляцию моторного отсека, колесных арок и боковых стекол, а также дополнительные маты на полу и потолке. Кроме прочего, седан Teana адаптирован и для российского рынка — автомобиль имеет увеличенный до 142 мм дорожный просвет. Трудно пожаловаться на объем багажника обновленного седана — он вмещает 516 л багажа, а откинув спинки второго ряда можно вместить длинные предметы.\r\n\r\nСоздавая новое поколение, разработчики потрудились и над обеспечением безопасности. Автомобиль штатно оснащен распорками между передними и задними стойками, помимо этого — дополнительными «косынками» усилен кузов. Это позволило увеличить жесткость кузова и сделать более точными реакции. Штатно автомобиль оснащен многочисленными электронными помощниками: системами ABS, EBD, Brake Аssist, курсовой устойчивости и антипробуксовочной. В максимальных комплектациях Premium и Premium Plus автомобиль получил расширенный комплект систем безопасности — за счет присутствия камер кругового обзора, ассистента перестроения и сохранения полосы движения, а также системы контроля давления в шинах.\r\n\r\nДизайнеры нового поколение Nissan Teana сумели внести свежую струю в экстерьер и интерьер седана, сделать его более сложным и интересным, подобающим современным требованиям. Никого уже не должно смущать присутствие вариатора, а мощности даже базового 173-сильного двигателя вполне достаточно в повседневной эксплуатации. Очень выгодная ценовая позиция Nissan Teana создает все условия для популярности этого роскошного автомобиля, обладающего великолепной динамикой и по-настоящему высоким уровнем комфорта.'),
(15, 2, '300', 'МКПП', 2016, 'Десятое поколение Lancer Evolution создано на базе Galant Fortis. Наличие в дизайне внешнего вида атрибутики новых седанов Mitsubishi — таких, как скошенный «передок» и трапециевидная решетка радиатора, — дает автомобилю прекрасные аэродинамические данные. Расширение кузова положительно повлияло на безопасность и устойчивость. Автомобиль в должной степени оборудован новейшими технологиями. Речь идет о системе управления полным приводом S-AWC (Super All Wheel Control), максимально увеличивающей безопасность и управляемость автомобиля, а также о трансмиссии Twin Clutch STT, двойное сцепление которой позволяет осуществить быстрое переключение передач без существенной потери мощности во время смены скоростей. Пришедший на смену двигателя 4G63 новый турбомотор 4B11 с системой MIVEC и объемом 2 литра развивает крутящий момент в 43 кг-м. Компоновка нового двигателя, который «скинул» 12 кг за счет алюминиевых элементов, вызвала понижение центра тяжести. (октябрь 2007 год)\r\n\r\nДобавлена модификация «GSR Premium», салон с повышенной шумоизоляцией которой оснащен кожаными сиденьями Recaro, кузов украшен хромированным молдингом, а ходовая часть укомплектована амортизаторами Bilstein и литыми дисками BBS. На моделях GSR изменилось оформление интерьера, в том числе приборной панели. Что касается двигателя, то увеличилась максимальная мощность, теперь она составила 300 л.с. (октябрь 2008 год)\r\n\r\nАвтомобиль получил большие аэродинамические пороги новой формы. Оснащение салона стало более богатым: теперь все модели комплектуются цветным жидкокристаллическим мультиинформационным дисплеем, а на некоторых модификациях устанавливают круиз-контроль. Использование новых материалов в крышке головки блока цилиндров двигателя снизило вес двигателя на 1,5 кг. (октябрь 2009 год)'),
(16, 3, '196', 'АКПП', 2006, 'Данная модель, предназначенная для североамериканского рынка, собирается там же - в Америке. В своем нынешнем виде появилась в 1999 году. Это уже третье поколение машины. Вначале она выпускалась только с кузовом типа «купе», но в 2000 году ее модельный ряд пополнился моделью «Spyder», который был оборудован складной крышей, складываемой и раскладываемой при помощи электромотора. Именно эта версия впоследствии стала поставляться в Японию. Первое знакомство японского покупателя со «Спайдером» произошло на токийском автосалоне в 2003 году. И почти через год, то есть в октябре 2004 года он, наконец, поступил в продажу на внутренний рынок. Надо сказать, что производитель ничуть не позаботился о том, чтобы адаптировать эту машину к японским условиям движения. Достаточно только сказать, что даже рулевое колесо осталось как есть, то есть с левой стороны. Да и по своим динамическим качествам он ничем не отличается. Колесная база была увеличена, компоновка отличается несколько сдвинутой вперед кабиной (кузов типа «cabin forward»), чтобы довести число посадочных мест до четырех. Интерьер салона исполнен в черных тонах, в отделке использована натуральная кожа. Поскольку кузов стал намного более жестким, нежели это было в предыдущей модели, управлять машиной стало намного приятней. Автомобиль оснащается 24-клапанным 6-цилиндровым V-образным двигателем объёмом 3 литра. К этому мотору прилагается 4-ступенчатая автоматическая коробка передач модели INVECS-II, которая может работать в режиме «Sport mode».'),
(17, 3, '286', 'МКПП', 1999, 'Mitsubishi 3000GT — спортивный автомобиль класса GT японской компании Mitsubishi Motors. Выпускался с 1990 по 2000 год. На внутреннем рынке Японии был известен как Mitsubishi GTO. Для Северной Америки автомобиль был дособран корпорацией Chrysler и получил название Dodge Stealth.\r\n\r\nПосле успешного показа концепт-каров Mitsubishi HSR и HSX в 1989 на Tokyo Motor Show, Mitsubishi разработала новый GTO как технологически продвинутое двухместное спортивное купе, чтобы конкурировать с Honda NSX, Mazda RX-7, Nissan 300ZX, Skyline GT-R, Subaru SVX и Toyota Supra. Они возродили название GTO, и автомобиль продолжали выпускать до конца десятилетия.'),
(18, 2, '150', 'АКПП', 2016, 'На международном автосалоне в Лос-Анджелесе в ноябре 2018 года Mazda Motor представила семейство Mazda3 нового, четвертого по счету поколения. Линейка включает два кузова: седан и пятидверный хэтчбек. Дизайн новых «трешек» выполнен в последней итерации фирменного стиля марки. Экстерьер формируют длинный капот, небольшой отрицательный уклон решетки радиатора и «чистые» боковины без резких подштамповок. При этом хэтчбек и седан обладают выраженной индивидуальностью. Хэтчбек выглядит более спортивно благодаря ниспадающей крыше и узкому стеклу задней двери, а профиль его напоминает купе. Также хэтчбек Mazda3 отличают оригинальные решетка радиатора и передний бампер, а в задней части — более узкие и более выразительные, чем у седана, задние фонари и эффектный диффузор с двумя круглыми насадками выхлопных труб.\r\n\r\nДизайн салона хэтчбека выполнен в спортивном стиле. Выпуклый объем передней панели доминирует над центральной консолью. Дисплей мультимедийной системы имеет диагональ 8,8 дюйма. Доступен проекционный экран (показания выводятся на прозрачную пластину перед глазами водителя). Производитель отмечает некоторые усовершенствования в плане эргономики, воплощенные в новой модели. Например, диапазон настройки рулевой колонки по вылету увеличился с 50 до 70 мм. Улучшена обзорность с места водителя. Удлинен центральный подлокотник, а рукоятка управления трансмиссией заняла такое положение, чтобы движение руки от рулевого колеса и обратно было максимально удобным и быстрым. Более качественной стала шумоизоляция салона. Специально для хэтчбека разработана темно-красная кожаная обивка Burgundy со специальной текстурой.\r\n\r\nГамма моторов семейства Mazda3 четвертого поколения включает уже знакомые бензиновые силовые агрегаты Skyactiv-G объемом 1,5 л, 2,0 л и 2,5 л с оптимизированными характеристиками и более высокими показателями в динамике. Их мощность заявлена в 120, 150 и 194 л.с. На некоторых рынках — прежде всего для Европы — доступен 1,8-литровый турбодизель Skyactiv-D мощностью 115 л.с. Самое же важное новшество в силовой части — принципиально новый бензиновый мотор Skyactiv-X объемом 2,0 л. Он оснащен приводным нагнетателем и инновационной системой зажигания Spark-Controlled Compression Ignition. В режиме холостого хода в Skyactiv-X бензин воспламеняется от сжатия, а традиционные свечи включаются в работу при нагрузке. По отдаче Skyactiv-X сопоставим с бензиновым 2,5 литра, а по расходу топлива — с 1,5-литровым дизелем.\r\n\r\nПередняя подвеска хэтчбека Mazda3 2019 включает стойки МакФерсона с измененной геометрией узлов. Сзади использована торсионная балка заново разработанной конструкции. Для некоторых модификаций предусмотрено наличие полного привода — усовершенствованная трансмиссия i-Activ AWD, знакомая по прежнему поколению Mazda3/Axela. У нее на 60% снижены механические потери и добавлена новейшая функция контроля вертикальной нагрузки на каждое из колес, работающая в сочетании с системой улучшения управляемости G-Vectoring Control Plus, благодаря чему достигнуто более точное перераспределение тяги между осями. Длина хэтчбека 4459 мм (он на 203 мм короче седана), а ширина и высота составляют 1797 и 1440 мм. При этом хэтчбек сохранил почти те же размеры, что были у предшественника, с незначительной разницей (длина — минус 1 мм, ширина — плюс 2 мм, и минус 15 мм в высоту). Колесная база у новой Mazda3 — 2725 мм, то есть по сравнению с предшественницей она стала больше на 25 мм.\r\n\r\nВ четвертом поколении для хэтчбека Mazda3 предлагаются самые современные технологии безопасности. Автомобиль оснащен системой помощи при движении в пробках Cruising & Traffic Support (CTS), системой предотвращения столкновений и функцией мониторинга слепых зон. Входящая в комплекс i-Activsense система мониторинга внимания водителя работает с помощью инфракрасной камеры с инфракрасной светодиодной подсветкой: она оценивает направление взгляда, отдельные движения глаз, частоту морганий, наклон головы и другие параметры, чтобы вовремя предупредить опасность засыпания. Новинкой для Мазда3 стали коленная подушка безопасности водителя, двухкамерные боковые подушки. Улучшены энергопоглощающие характеристики бампера и капота, а также зон запрограммированной деформации кузова.\r\n\r\nВ новом поколении Mazda3 вступает в еще более жесткую конкурентную борьбу в своем классе, имея очень весомые преимущества: эффектный экстерьер, полностью изменившийся салон с заявкой на премиальность, дальнейшее развитие технологий Skyactiv и недоступный ранее уровень безопасности. Одним из недостатков прежних Mazda3 была теснота сзади. Но увеличение колесной базы на 25 мм по сравнению с предшественником положительно сказалось на внутреннем пространстве. ');
COMMIT;

/*!40101 SET CHARACTER_SET_CLIENT=@OLD_CHARACTER_SET_CLIENT */;
/*!40101 SET CHARACTER_SET_RESULTS=@OLD_CHARACTER_SET_RESULTS */;
/*!40101 SET COLLATION_CONNECTION=@OLD_COLLATION_CONNECTION */;
